step,update,loss
1000,1,0.007030336651951075
1400,101,7.47967860661447e-05
1800,201,3.0271077775978483e-05
2200,301,0.031580910086631775
2600,401,0.0022916661109775305
3000,501,0.0041175284422934055
3400,601,0.0003902864991687238
3800,701,3.112675040028989e-05
4200,801,0.04733028635382652
4600,901,0.0005331596476025879
5000,1001,0.01357823796570301
5400,1101,0.0005076660308986902
5800,1201,0.0007224171422421932
6200,1301,0.0020147375762462616
6600,1401,0.013164029456675053
7000,1501,0.0002789314021356404
7400,1601,0.03441742807626724
7800,1701,0.040514737367630005
8200,1801,0.0057443734258413315
8600,1901,0.226524218916893
9000,2001,0.12892821431159973
9400,2101,0.0003950770478695631
9800,2201,0.00022553009330295026
10200,2301,0.03006122075021267
10600,2401,0.0007701719296164811
11000,2501,0.001553950016386807
11400,2601,7.61455376050435e-05
11800,2701,8.259313472080976e-05
12200,2801,0.0002814620384015143
12600,2901,0.00134243571665138
13000,3001,0.0001787289947969839
13400,3101,0.0006458187126554549
13800,3201,0.00016574052278883755
14200,3301,0.0015733740292489529
14600,3401,0.03355460613965988
15000,3501,0.031384680420160294
15400,3601,0.0009378415998071432
15800,3701,0.0004503093659877777
16200,3801,0.0003728074370883405
16600,3901,0.28583234548568726
17000,4001,0.1079656183719635
17400,4101,0.0011684235651046038
17800,4201,0.001443245797418058
18200,4301,0.004292591474950314
18600,4401,0.0011849318398162723
19000,4501,0.0001974931947188452
19400,4601,0.03026263415813446
19800,4701,0.00011457221989985555
20200,4801,6.788351311115548e-05
20600,4901,0.06784337013959885
21000,5001,0.00010739475692389533
21400,5101,0.03119722008705139
21800,5201,0.0006825804011896253
22200,5301,0.031139057129621506
22600,5401,0.00018216465832665563
23000,5501,0.002983953570947051
23400,5601,0.16404414176940918
23800,5701,0.0003630615829024464
24200,5801,0.00015141748008318245
24600,5901,0.00042770407162606716
25000,6001,0.00019665535364765674
25400,6101,0.00012415676610544324
25800,6201,0.03696175292134285
26200,6301,0.00022751039068680257
26600,6401,0.0002603849570732564
27000,6501,0.00013763416791334748
27400,6601,0.03066125698387623
27800,6701,0.0008254013955593109
28200,6801,0.0009372849017381668
28600,6901,0.0005581321893259883
29000,7001,0.0002632695250213146
29400,7101,0.0011685248464345932
29800,7201,0.00011592490045586601
30200,7301,0.0003982969792559743
30600,7401,0.05427240952849388
31000,7501,0.03029918484389782
31400,7601,0.00018004540470428765
31800,7701,0.00010831810504896566
32200,7801,0.00017063521954696625
32600,7901,0.0005833229515701532
33000,8001,0.0006148999091237783
33400,8101,0.05724154785275459
33800,8201,0.030532214790582657
34200,8301,0.00024088304780889302
34600,8401,0.13343070447444916
35000,8501,0.030249737203121185
35400,8601,0.0001875647431006655
35800,8701,0.08430276066064835
36200,8801,0.06236933916807175
36600,8901,0.030575256794691086
37000,9001,0.10628864169120789
37400,9101,0.031050827354192734
37800,9201,0.10925551503896713
38200,9301,0.0003618950431700796
38600,9401,0.0012674035970121622
39000,9501,0.03094702586531639
39400,9601,0.00030871276976540685
39800,9701,0.00024842304992489517
40200,9801,0.0011745737865567207
40600,9901,0.18801511824131012
41000,10001,0.0002661397447809577
41400,10101,0.03609161451458931
41800,10201,0.000384441897040233
42200,10301,0.09629382193088531
42600,10401,0.0004020643827971071
43000,10501,0.002591995056718588
43400,10601,0.00015772212645970285
43800,10701,0.00417525228112936
44200,10801,0.00023417759803123772
44600,10901,0.00018304292461834848
45000,11001,0.0001951580197783187
45400,11101,0.00012571032857522368
45800,11201,0.1637190282344818
46200,11301,0.008268021047115326
46600,11401,0.0021303612738847733
47000,11501,0.30141180753707886
47400,11601,0.002236874308437109
47800,11701,0.3464771509170532
48200,11801,5.11040780111216e-05
48600,11901,2.854665035556536e-05
49000,12001,0.062148481607437134
49400,12101,0.06812750548124313
49800,12201,0.0012226701946929097
50200,12301,0.030534755438566208
50600,12401,0.12760227918624878
51000,12501,0.13386891782283783
51400,12601,0.00018517309217713773
51800,12701,0.0004927978734485805
52200,12801,0.06324408948421478
52600,12901,0.2698967456817627
53000,13001,0.00035700324224308133
53400,13101,0.0017492566257715225
53800,13201,0.0012642309302464128
54200,13301,0.0892256647348404
54600,13401,0.0008321652421727777
55000,13501,0.030246786773204803
55400,13601,0.003985112998634577
55800,13701,0.00014722200285177678
56200,13801,0.12314409017562866
56600,13901,9.86376908258535e-05
57000,14001,0.108024463057518
57400,14101,0.03477850183844566
57800,14201,0.00037569395499303937
58200,14301,0.0009722950053401291
58600,14401,0.0005945336888544261
59000,14501,0.09387616813182831
59400,14601,0.0001985153794521466
59800,14701,0.061803869903087616
60200,14801,0.00013220180699136108
60600,14901,7.900989294284955e-05
61000,15001,0.0002800116781145334
61400,15101,0.06094011664390564
61800,15201,0.0003855207469314337
62200,15301,0.0315365307033062
62600,15401,0.08585333824157715
63000,15501,0.00021368668240029365
63400,15601,0.059864431619644165
63800,15701,0.031309761106967926
64200,15801,8.423434337601066e-05
64600,15901,0.0001387299271300435
65000,16001,5.432923717307858e-05
65400,16101,0.03218470513820648
65800,16201,0.002426769118756056
66200,16301,6.411479989765212e-05
66600,16401,8.091502240858972e-05
67000,16501,0.001528355642221868
67400,16601,0.03085019253194332
67800,16701,0.00011293458373984322
68200,16801,0.08198604732751846
68600,16901,0.0001214686781167984
69000,17001,0.00014676342834718525
69400,17101,0.03087414614856243
69800,17201,0.0012264164397493005
70200,17301,0.00055770791368559
70600,17401,0.030620871111750603
71000,17501,0.06070726364850998
71400,17601,0.0007983550895005465
71800,17701,0.21281617879867554
72200,17801,0.031272538006305695
72600,17901,0.00019846184295602143
73000,18001,0.0921626165509224
73400,18101,0.06142193078994751
73800,18201,0.00031298372778110206
74200,18301,0.03205837309360504
74600,18401,0.19125062227249146
75000,18501,0.0993146225810051
75400,18601,0.03090270422399044
75800,18701,0.09326053410768509
76200,18801,0.00014986751193646342
76600,18901,0.00020568650506902486
77000,19001,0.00028478633612394333
77400,19101,0.00017852742166724056
77800,19201,0.03203115984797478
78200,19301,0.032018329948186874
78600,19401,0.0007731208461336792
79000,19501,0.107799232006073
79400,19601,0.030711472034454346
79800,19701,0.03137001022696495
80200,19801,0.0004915292956866324
80600,19901,0.014140437357127666
81000,20001,0.0001890684216050431
81400,20101,0.0003524471540004015
81800,20201,0.000126515980809927
82200,20301,0.00040390618960373104
82600,20401,0.02429177798330784
83000,20501,0.00011309255933156237
83400,20601,0.00042550908983685076
83800,20701,0.0002765728277154267
84200,20801,5.713849895983003e-05
84600,20901,2.4977152861538343e-05
85000,21001,7.743708556517959e-05
85400,21101,5.184566180105321e-05
85800,21201,0.020859207957983017
86200,21301,0.00014593706873711199
86600,21401,0.0001007778337225318
87000,21501,0.014055945910513401
87400,21601,0.0007528008427470922
87800,21701,0.0008197553688660264
88200,21801,0.0001061739822034724
88600,21901,0.030360838398337364
89000,22001,0.05752047523856163
89400,22101,0.0011093391804024577
89800,22201,5.0799302698578686e-05
90200,22301,6.465597107307985e-05
90600,22401,0.013122065924108028
91000,22501,0.001272462890483439
91400,22601,0.0005840216181240976
91800,22701,0.016709016636013985
92200,22801,0.0001727583585307002
92600,22901,0.00015865406021475792
93000,23001,0.030993470922112465
93400,23101,0.0016735394019633532
93800,23201,0.0014117200626060367
94200,23301,0.03376305475831032
94600,23401,0.10576904565095901
95000,23501,6.87555584590882e-05
95400,23601,0.00035242081503383815
95800,23701,0.0034156409092247486
96200,23801,0.002720815595239401
96600,23901,0.00024292092712130398
97000,24001,0.00011582938896026462
97400,24101,0.06381598860025406
97800,24201,5.555564712267369e-05
98200,24301,0.00239606574177742
98600,24401,0.016392068937420845
99000,24501,0.015323669649660587
99400,24601,0.0013954557944089174
99800,24701,0.00018300303781870753
100000,24751,0.03558455780148506
