episode,step,episode_steps,score,clipped_return,epsilon,terminated,truncated,reset_launch_reward
1,151,151,1.0,1.0,0.9983125,True,False,0.0
2,421,270,3.0,3.0,0.995275,True,False,0.0
3,592,171,1.0,1.0,0.99335125,True,False,0.0
4,763,171,1.0,1.0,0.9914275,True,False,0.0
5,1008,245,3.0,3.0,0.98867125,True,False,0.0
6,1159,151,1.0,1.0,0.9869725,True,False,0.0
7,1281,122,0.0,0.0,0.9856,True,False,0.0
8,1403,122,0.0,0.0,0.9842275,True,False,0.0
9,1554,151,1.0,1.0,0.98252875,True,False,0.0
10,1676,122,0.0,0.0,0.98115625,True,False,0.0
11,1932,256,4.0,4.0,0.97827625,True,False,0.0
12,2131,199,2.0,2.0,0.9760375,True,False,0.0
13,2255,124,0.0,0.0,0.9746425,True,False,0.0
14,2378,123,0.0,0.0,0.97325875,True,False,0.0
15,2501,123,0.0,0.0,0.971875,True,False,0.0
16,2719,218,2.0,2.0,0.9694225,True,False,0.0
17,2842,123,0.0,0.0,0.96803875,True,False,0.0
18,2965,123,0.0,0.0,0.966655,True,False,0.0
19,3185,220,2.0,2.0,0.96418,True,False,0.0
20,3307,122,0.0,0.0,0.9628075,True,False,0.0
21,3429,122,0.0,0.0,0.961435,True,False,0.0
22,3675,246,3.0,3.0,0.9586675,True,False,0.0
23,3798,123,0.0,0.0,0.95728375,True,False,0.0
24,3967,169,1.0,1.0,0.9553825,True,False,0.0
25,4137,170,1.0,1.0,0.95347,True,False,0.0
26,4336,199,2.0,2.0,0.95123125,True,False,0.0
27,4533,197,2.0,2.0,0.9490149999999999,True,False,0.0
28,4890,357,6.0,6.0,0.94499875,True,False,0.0
29,5258,368,6.0,6.0,0.94085875,True,False,0.0
30,5380,122,0.0,0.0,0.93948625,True,False,0.0
31,5549,169,1.0,1.0,0.937585,True,False,0.0
32,5700,151,1.0,1.0,0.93588625,True,False,0.0
33,5946,246,3.0,3.0,0.93311875,True,False,0.0
34,6068,122,0.0,0.0,0.93174625,True,False,0.0
35,6192,124,0.0,0.0,0.93035125,True,False,0.0
36,6394,202,2.0,2.0,0.92807875,True,False,0.0
37,6565,171,1.0,1.0,0.9261550000000001,True,False,0.0
38,6861,296,4.0,4.0,0.922825,True,False,0.0
39,7107,246,3.0,3.0,0.9200575,True,False,0.0
40,7258,151,1.0,1.0,0.91835875,True,False,0.0
41,7382,124,0.0,0.0,0.91696375,True,False,0.0
42,7505,123,0.0,0.0,0.9155800000000001,True,False,0.0
43,7657,152,1.0,1.0,0.91387,True,False,0.0
44,7855,198,2.0,2.0,0.9116425,True,False,0.0
45,8073,218,2.0,2.0,0.9091899999999999,True,False,0.0
46,8294,221,2.0,2.0,0.90670375,True,False,0.0
47,8417,123,0.0,0.0,0.90532,True,False,0.0
48,8540,123,0.0,0.0,0.90393625,True,False,0.0
49,8768,228,3.0,3.0,0.90137125,True,False,0.0
50,9015,247,3.0,3.0,0.8985925,True,False,0.0
51,9197,182,2.0,2.0,0.896545,True,False,0.0
52,9423,226,3.0,3.0,0.8940025,True,False,0.0
53,9596,173,1.0,1.0,0.89205625,True,False,0.0
54,9765,169,1.0,1.0,0.890155,True,False,0.0
55,9889,124,0.0,0.0,0.88876,True,False,0.0
56,10011,122,0.0,0.0,0.8873875,True,False,0.0
57,10163,152,1.0,1.0,0.8856775,True,False,0.0
58,10285,122,0.0,0.0,0.884305,True,False,0.0
59,10409,124,0.0,0.0,0.88291,True,False,0.0
60,10590,181,2.0,2.0,0.88087375,True,False,0.0
61,10836,246,3.0,3.0,0.87810625,True,False,0.0
62,10959,123,0.0,0.0,0.8767225,True,False,0.0
63,11083,124,0.0,0.0,0.8753275,True,False,0.0
64,11206,123,0.0,0.0,0.87394375,True,False,0.0
65,11375,169,1.0,1.0,0.8720425,True,False,0.0
66,11499,124,0.0,0.0,0.8706475,True,False,0.0
67,11698,199,2.0,2.0,0.86840875,True,False,0.0
68,11821,123,0.0,0.0,0.8670249999999999,True,False,0.0
69,12098,277,4.0,4.0,0.86390875,True,False,0.0
70,12445,347,5.0,5.0,0.860005,True,False,0.0
71,12567,122,0.0,0.0,0.8586325,True,False,0.0
72,12691,124,0.0,0.0,0.8572375,True,False,0.0
73,12861,170,1.0,1.0,0.855325,True,False,0.0
74,13076,215,2.0,2.0,0.85290625,True,False,0.0
75,13325,249,3.0,3.0,0.850105,True,False,0.0
76,13523,198,2.0,2.0,0.8478775,True,False,0.0
77,13743,220,2.0,2.0,0.8454025,True,False,0.0
78,13941,198,2.0,2.0,0.843175,True,False,0.0
79,14113,172,1.0,1.0,0.84124,True,False,0.0
80,14332,219,2.0,2.0,0.83877625,True,False,0.0
81,14501,169,1.0,1.0,0.836875,True,False,0.0
82,14726,225,3.0,3.0,0.8343437499999999,True,False,0.0
83,14953,227,3.0,3.0,0.83179,True,False,0.0
84,15076,123,0.0,0.0,0.83040625,True,False,0.0
85,15228,152,1.0,1.0,0.82869625,True,False,0.0
86,15456,228,3.0,3.0,0.82613125,True,False,0.0
87,15626,170,1.0,1.0,0.82421875,True,False,0.0
88,15843,217,2.0,2.0,0.8217775,True,False,0.0
89,16040,197,2.0,2.0,0.81956125,True,False,0.0
90,16209,169,1.0,1.0,0.81766,True,False,0.0
91,16378,169,1.0,1.0,0.81575875,True,False,0.0
92,16549,171,1.0,1.0,0.813835,True,False,0.0
93,16673,124,0.0,0.0,0.81244,True,False,0.0
94,16824,151,1.0,1.0,0.81074125,True,False,0.0
95,16947,123,0.0,0.0,0.8093575,True,False,0.0
96,17071,124,0.0,0.0,0.8079625,True,False,0.0
97,17195,124,0.0,0.0,0.8065675,True,False,0.0
98,17395,200,2.0,2.0,0.8043175,True,False,0.0
99,17546,151,1.0,1.0,0.8026187499999999,True,False,0.0
100,17698,152,1.0,1.0,0.8009087500000001,True,False,0.0
101,17822,124,0.0,0.0,0.79951375,True,False,0.0
102,17946,124,0.0,0.0,0.79811875,True,False,0.0
103,18165,219,2.0,2.0,0.795655,True,False,0.0
104,18347,182,2.0,2.0,0.7936075,True,False,0.0
105,18469,122,0.0,0.0,0.792235,True,False,0.0
106,18621,152,1.0,1.0,0.7905249999999999,True,False,0.0
107,18773,152,1.0,1.0,0.788815,True,False,0.0
108,18896,123,0.0,0.0,0.78743125,True,False,0.0
109,19095,199,2.0,2.0,0.7851925,True,False,0.0
110,19265,170,1.0,1.0,0.78328,True,False,0.0
111,19387,122,0.0,0.0,0.7819075,True,False,0.0
112,19637,250,3.0,3.0,0.779095,True,False,0.0
113,19819,182,2.0,2.0,0.7770475,True,False,0.0
114,19990,171,1.0,1.0,0.77512375,True,False,0.0
115,20160,170,1.0,1.0,0.77321125,True,False,0.0
116,20283,123,0.0,0.0,0.7718275,True,False,0.0
117,20554,271,4.0,4.0,0.7687787500000001,True,False,0.0
118,20803,249,3.0,3.0,0.7659775,True,False,0.0
119,20927,124,0.0,0.0,0.7645824999999999,True,False,0.0
120,21050,123,0.0,0.0,0.7631987499999999,True,False,0.0
121,21173,123,0.0,0.0,0.761815,True,False,0.0
122,21323,150,1.0,1.0,0.7601275,True,False,0.0
123,21492,169,1.0,1.0,0.75822625,True,False,0.0
124,21644,152,1.0,1.0,0.75651625,True,False,0.0
125,21794,150,1.0,1.0,0.7548287499999999,True,False,0.0
126,21916,122,0.0,0.0,0.7534562499999999,True,False,0.0
127,22171,255,4.0,4.0,0.7505875,True,False,0.0
128,22341,170,1.0,1.0,0.748675,True,False,0.0
129,22464,123,0.0,0.0,0.74729125,True,False,0.0
130,22616,152,1.0,1.0,0.7455812500000001,True,False,0.0
131,22786,170,1.0,1.0,0.74366875,True,False,0.0
132,22986,200,2.0,2.0,0.74141875,True,False,0.0
133,23253,267,3.0,3.0,0.738415,True,False,0.0
134,23423,170,1.0,1.0,0.7365025000000001,True,False,0.0
135,23642,219,2.0,2.0,0.73403875,True,False,0.0
136,23815,173,1.0,1.0,0.7320925,True,False,0.0
137,23939,124,0.0,0.0,0.7306975,True,False,0.0
138,24090,151,1.0,1.0,0.7289987499999999,True,False,0.0
139,24483,393,6.0,6.0,0.7245775,True,False,0.0
140,24605,122,0.0,0.0,0.723205,True,False,0.0
141,24729,124,0.0,0.0,0.7218100000000001,True,False,0.0
142,24852,123,0.0,0.0,0.72042625,True,False,0.0
143,24976,124,0.0,0.0,0.71903125,True,False,0.0
144,25099,123,0.0,0.0,0.7176475,True,False,0.0
145,25221,122,0.0,0.0,0.716275,True,False,0.0
146,25344,123,0.0,0.0,0.71489125,True,False,0.0
147,25545,201,2.0,2.0,0.7126300000000001,True,False,0.0
148,25716,171,1.0,1.0,0.71070625,True,False,0.0
149,25867,151,1.0,1.0,0.7090075,True,False,0.0
150,26134,267,3.0,3.0,0.70600375,True,False,0.0
151,26304,170,1.0,1.0,0.7040912500000001,True,False,0.0
152,26428,124,0.0,0.0,0.70269625,True,False,0.0
153,26552,124,0.0,0.0,0.70130125,True,False,0.0
154,26909,357,6.0,6.0,0.6972849999999999,True,False,0.0
155,27203,294,4.0,4.0,0.6939774999999999,True,False,0.0
156,27385,182,2.0,2.0,0.6919299999999999,True,False,0.0
157,27509,124,0.0,0.0,0.690535,True,False,0.0
158,27633,124,0.0,0.0,0.6891400000000001,True,False,0.0
159,27756,123,0.0,0.0,0.68775625,True,False,0.0
160,27880,124,0.0,0.0,0.68636125,True,False,0.0
161,28031,151,1.0,1.0,0.6846625,True,False,0.0
162,28155,124,0.0,0.0,0.6832675,True,False,0.0
163,28402,247,3.0,3.0,0.68048875,True,False,0.0
164,28571,169,1.0,1.0,0.6785874999999999,True,False,0.0
165,28742,171,1.0,1.0,0.67666375,True,False,0.0
166,28961,219,2.0,2.0,0.6742,True,False,0.0
167,29132,171,1.0,1.0,0.6722762499999999,True,False,0.0
168,29284,152,1.0,1.0,0.67056625,True,False,0.0
169,29529,245,3.0,3.0,0.66781,True,False,0.0
170,29728,199,2.0,2.0,0.66557125,True,False,0.0
171,29898,170,1.0,1.0,0.66365875,True,False,0.0
172,30194,296,4.0,4.0,0.66032875,True,False,0.0
173,30363,169,1.0,1.0,0.6584274999999999,True,False,0.0
174,30486,123,0.0,0.0,0.6570437499999999,True,False,0.0
175,30637,151,1.0,1.0,0.655345,True,False,0.0
176,30760,123,0.0,0.0,0.65396125,True,False,0.0
177,30883,123,0.0,0.0,0.6525775,True,False,0.0
178,31006,123,0.0,0.0,0.65119375,True,False,0.0
179,31271,265,3.0,3.0,0.6482125000000001,True,False,0.0
180,31394,123,0.0,0.0,0.6468287500000001,True,False,0.0
181,31545,151,1.0,1.0,0.64513,True,False,0.0
182,31668,123,0.0,0.0,0.64374625,True,False,0.0
183,31790,122,0.0,0.0,0.64237375,True,False,0.0
184,32086,296,4.0,4.0,0.63904375,True,False,0.0
185,32209,123,0.0,0.0,0.63766,True,False,0.0
186,32406,197,2.0,2.0,0.63544375,True,False,0.0
187,32558,152,1.0,1.0,0.63373375,True,False,0.0
188,32682,124,0.0,0.0,0.63233875,True,False,0.0
189,32854,172,1.0,1.0,0.6304037499999999,True,False,0.0
190,32976,122,0.0,0.0,0.6290312499999999,True,False,0.0
191,33158,182,2.0,2.0,0.62698375,True,False,0.0
192,33310,152,1.0,1.0,0.62527375,True,False,0.0
193,33510,200,2.0,2.0,0.62302375,True,False,0.0
194,33661,151,1.0,1.0,0.6213249999999999,True,False,0.0
195,33987,326,5.0,5.0,0.6176575,True,False,0.0
196,34206,219,2.0,2.0,0.61519375,True,False,0.0
197,34330,124,0.0,0.0,0.61379875,True,False,0.0
198,34558,228,3.0,3.0,0.61123375,True,False,0.0
199,34710,152,1.0,1.0,0.60952375,True,False,0.0
200,35035,325,5.0,5.0,0.6058675,True,False,0.0
201,35203,168,1.0,1.0,0.6039775000000001,True,False,0.0
202,35382,179,2.0,2.0,0.6019637499999999,True,False,0.0
203,35504,122,0.0,0.0,0.6005912499999999,True,False,0.0
204,35655,151,1.0,1.0,0.5988925,True,False,0.0
205,35824,169,1.0,1.0,0.59699125,True,False,0.0
206,36023,199,2.0,2.0,0.5947525,True,False,0.0
207,36191,168,1.0,1.0,0.5928625,True,False,0.0
208,36363,172,1.0,1.0,0.5909275,True,False,0.0
209,36609,246,3.0,3.0,0.58816,True,False,0.0
210,36902,293,4.0,4.0,0.58486375,True,False,0.0
211,37149,247,3.0,3.0,0.582085,True,False,0.0
212,37348,199,2.0,2.0,0.5798462499999999,True,False,0.0
213,37593,245,3.0,3.0,0.57709,True,False,0.0
214,37763,170,1.0,1.0,0.5751775,True,False,0.0
215,37931,168,1.0,1.0,0.5732875,True,False,0.0
216,38055,124,0.0,0.0,0.5718924999999999,True,False,0.0
217,38178,123,0.0,0.0,0.57050875,True,False,0.0
218,38378,200,2.0,2.0,0.56825875,True,False,0.0
219,38795,417,6.0,6.0,0.5635675,True,False,0.0
220,38919,124,0.0,0.0,0.5621725,True,False,0.0
221,39183,264,3.0,3.0,0.5592025,True,False,0.0
222,39499,316,4.0,4.0,0.5556475,True,False,0.0
223,39621,122,0.0,0.0,0.554275,True,False,0.0
224,39867,246,3.0,3.0,0.5515075,True,False,0.0
225,40040,173,1.0,1.0,0.54956125,True,False,0.0
226,40161,121,0.0,0.0,0.5482,True,False,0.0
227,40285,124,0.0,0.0,0.546805,True,False,0.0
228,40407,122,0.0,0.0,0.5454325,True,False,0.0
229,40735,328,5.0,5.0,0.5417425,True,False,0.0
230,40859,124,0.0,0.0,0.5403475,True,False,0.0
231,40981,122,0.0,0.0,0.538975,True,False,0.0
232,41244,263,3.0,3.0,0.5360162500000001,True,False,0.0
233,41366,122,0.0,0.0,0.5346437500000001,True,False,0.0
234,41517,151,1.0,1.0,0.532945,True,False,0.0
235,41640,123,0.0,0.0,0.53156125,True,False,0.0
236,41764,124,0.0,0.0,0.53016625,True,False,0.0
237,41916,152,1.0,1.0,0.5284562500000001,True,False,0.0
238,42161,245,3.0,3.0,0.5257,True,False,0.0
239,42285,124,0.0,0.0,0.524305,True,False,0.0
240,42436,151,1.0,1.0,0.5226062499999999,True,False,0.0
241,42665,229,3.0,3.0,0.52003,True,False,0.0
242,42989,324,5.0,5.0,0.516385,True,False,0.0
243,43286,297,4.0,4.0,0.51304375,True,False,0.0
244,43410,124,0.0,0.0,0.51164875,True,False,0.0
245,43703,293,4.0,4.0,0.5083525,True,False,0.0
246,43883,180,2.0,2.0,0.5063274999999999,True,False,0.0
247,44006,123,0.0,0.0,0.50494375,True,False,0.0
248,44236,230,3.0,3.0,0.5023562500000001,True,False,0.0
249,44481,245,3.0,3.0,0.49959999999999993,True,False,0.0
250,44650,169,1.0,1.0,0.49769874999999997,True,False,0.0
251,44818,168,1.0,1.0,0.49580875,True,False,0.0
252,44969,151,1.0,1.0,0.49410999999999994,True,False,0.0
253,45092,123,0.0,0.0,0.4927262499999999,True,False,0.0
254,45288,196,2.0,2.0,0.49052125,True,False,0.0
255,45461,173,1.0,1.0,0.488575,True,False,0.0
256,45677,216,2.0,2.0,0.48614500000000005,True,False,0.0
257,45846,169,1.0,1.0,0.48424375,True,False,0.0
258,46072,226,3.0,3.0,0.48170124999999997,True,False,0.0
259,46196,124,0.0,0.0,0.48030624999999993,True,False,0.0
260,46320,124,0.0,0.0,0.47891125,True,False,0.0
261,46442,122,0.0,0.0,0.47753875,True,False,0.0
262,46660,218,2.0,2.0,0.47508625000000004,True,False,0.0
263,46811,151,1.0,1.0,0.47338749999999996,True,False,0.0
264,46960,149,1.0,1.0,0.47171125,True,False,0.0
265,47081,121,0.0,0.0,0.47034999999999993,True,False,0.0
266,47233,152,1.0,1.0,0.46863999999999995,True,False,0.0
267,47465,232,3.0,3.0,0.46602999999999994,True,False,0.0
268,47589,124,0.0,0.0,0.464635,True,False,0.0
269,47713,124,0.0,0.0,0.46324,True,False,0.0
270,47927,214,2.0,2.0,0.4608325,True,False,0.0
271,48096,169,1.0,1.0,0.45893125,True,False,0.0
272,48293,197,2.0,2.0,0.456715,True,False,0.0
273,48619,326,5.0,5.0,0.45304750000000005,True,False,0.0
274,48742,123,0.0,0.0,0.4516637499999999,True,False,0.0
275,49017,275,4.0,4.0,0.4485699999999999,True,False,0.0
276,49363,346,5.0,5.0,0.44467749999999995,True,False,0.0
277,49486,123,0.0,0.0,0.44329374999999993,True,False,0.0
278,49778,292,5.0,5.0,0.44000875000000006,True,False,0.0
279,49902,124,0.0,0.0,0.43861375,True,False,0.0
280,50025,123,0.0,0.0,0.43723,True,False,0.0
281,50226,201,2.0,2.0,0.43496875,True,False,0.0
282,50349,123,0.0,0.0,0.433585,True,False,0.0
283,50471,122,0.0,0.0,0.4322125,True,False,0.0
284,50668,197,2.0,2.0,0.42999624999999997,True,False,0.0
285,50837,169,1.0,1.0,0.428095,True,False,0.0
286,51036,199,2.0,2.0,0.42585624999999994,True,False,0.0
287,51158,122,0.0,0.0,0.42448374999999994,True,False,0.0
288,51281,123,0.0,0.0,0.4230999999999999,True,False,0.0
289,51450,169,1.0,1.0,0.42119874999999996,True,False,0.0
290,51602,152,1.0,1.0,0.41948874999999997,True,False,0.0
291,51754,152,1.0,1.0,0.41777875,True,False,0.0
292,51926,172,1.0,1.0,0.41584374999999996,True,False,0.0
293,52172,246,3.0,3.0,0.4130762499999999,True,False,0.0
294,52345,173,1.0,1.0,0.41113,True,False,0.0
295,52467,122,0.0,0.0,0.4097575,True,False,0.0
296,52686,219,2.0,2.0,0.4072937499999999,True,False,0.0
297,52810,124,0.0,0.0,0.40589875,True,False,0.0
298,52960,150,1.0,1.0,0.40421125,True,False,0.0
299,53286,326,5.0,5.0,0.40054375,True,False,0.0
300,53632,346,5.0,5.0,0.39665125,True,False,0.0
301,53804,172,1.0,1.0,0.39471625,True,False,0.0
302,54002,198,2.0,2.0,0.39248874999999994,True,False,0.0
303,54221,219,2.0,2.0,0.39002500000000007,True,False,0.0
304,54402,181,2.0,2.0,0.38798875,True,False,0.0
305,54628,226,3.0,3.0,0.38544625,True,False,0.0
306,54809,181,2.0,2.0,0.3834099999999999,True,False,0.0
307,55083,274,4.0,4.0,0.38032749999999993,True,False,0.0
308,55253,170,1.0,1.0,0.37841499999999995,True,False,0.0
309,55599,346,5.0,5.0,0.3745225,True,False,0.0
310,55723,124,0.0,0.0,0.37312750000000006,True,False,0.0
311,55919,196,2.0,2.0,0.37092249999999993,True,False,0.0
312,56208,289,4.0,4.0,0.36767125,True,False,0.0
313,56380,172,1.0,1.0,0.36573625,True,False,0.0
314,56550,170,1.0,1.0,0.36382375,True,False,0.0
315,56700,150,1.0,1.0,0.36213624999999994,True,False,0.0
316,56822,122,0.0,0.0,0.36076374999999994,True,False,0.0
317,56944,122,0.0,0.0,0.35939124999999994,True,False,0.0
318,57096,152,1.0,1.0,0.35768124999999995,True,False,0.0
319,57295,199,2.0,2.0,0.3554425,True,False,0.0
320,57492,197,2.0,2.0,0.35322624999999996,True,False,0.0
321,57614,122,0.0,0.0,0.35185374999999997,True,False,0.0
322,57738,124,0.0,0.0,0.35045875000000004,True,False,0.0
323,57862,124,0.0,0.0,0.34906375,True,False,0.0
324,57986,124,0.0,0.0,0.34766874999999997,True,False,0.0
325,58155,169,1.0,1.0,0.3457674999999999,True,False,0.0
326,58276,121,0.0,0.0,0.34440625,True,False,0.0
327,58444,168,1.0,1.0,0.3425162500000001,True,False,0.0
328,58616,172,1.0,1.0,0.34058124999999995,True,False,0.0
329,58829,213,3.0,3.0,0.33818500000000007,True,False,0.0
330,58950,121,0.0,0.0,0.33682375,True,False,0.0
331,59100,150,1.0,1.0,0.3351362499999999,True,False,0.0
332,59298,198,2.0,2.0,0.33290875,True,False,0.0
333,59495,197,2.0,2.0,0.33069250000000006,True,False,0.0
334,59619,124,0.0,0.0,0.3292974999999999,True,False,0.0
335,59966,347,5.0,5.0,0.3253937499999999,True,False,0.0
336,60090,124,0.0,0.0,0.32399875,True,False,0.0
337,60214,124,0.0,0.0,0.32260374999999997,True,False,0.0
338,60338,124,0.0,0.0,0.32120875000000004,True,False,0.0
339,60585,247,3.0,3.0,0.31843,True,False,0.0
340,60881,296,4.0,4.0,0.31509999999999994,True,False,0.0
341,61005,124,0.0,0.0,0.313705,True,False,0.0
342,61128,123,0.0,0.0,0.31232125,True,False,0.0
343,61475,347,5.0,5.0,0.3084175,True,False,0.0
344,61599,124,0.0,0.0,0.3070225,True,False,0.0
345,61750,151,1.0,1.0,0.30532375,True,False,0.0
346,61873,123,0.0,0.0,0.30394,True,False,0.0
347,62119,246,3.0,3.0,0.30117249999999995,True,False,0.0
348,62291,172,1.0,1.0,0.29923749999999993,True,False,0.0
349,62669,378,6.0,6.0,0.29498499999999994,True,False,0.0
350,62838,169,1.0,1.0,0.29308375,True,False,0.0
351,63010,172,1.0,1.0,0.29114874999999996,True,False,0.0
352,63207,197,2.0,2.0,0.28893250000000004,True,False,0.0
353,63403,196,2.0,2.0,0.2867274999999999,True,False,0.0
354,63555,152,1.0,1.0,0.2850174999999999,True,False,0.0
355,63677,122,0.0,0.0,0.2836449999999999,True,False,0.0
356,63858,181,2.0,2.0,0.28160874999999996,True,False,0.0
357,64099,241,4.0,4.0,0.2788975,True,False,0.0
358,64344,245,3.0,3.0,0.2761412499999999,True,False,0.0
359,64496,152,1.0,1.0,0.27443125,True,False,0.0
360,64743,247,3.0,3.0,0.27165249999999996,True,False,0.0
361,64866,123,0.0,0.0,0.27026874999999995,True,False,0.0
362,65084,218,2.0,2.0,0.26781625,True,False,0.0
363,65252,168,1.0,1.0,0.2659262499999999,True,False,0.0
364,65375,123,0.0,0.0,0.2645425,True,False,0.0
365,65631,256,4.0,4.0,0.2616625,True,False,0.0
366,65755,124,0.0,0.0,0.2602675,True,False,0.0
367,65879,124,0.0,0.0,0.25887250000000006,True,False,0.0
368,66003,124,0.0,0.0,0.2574775,True,False,0.0
369,66176,173,1.0,1.0,0.25553125,True,False,0.0
370,66297,121,0.0,0.0,0.25417,True,False,0.0
371,66421,124,0.0,0.0,0.25277499999999997,True,False,0.0
372,66544,123,0.0,0.0,0.25139124999999996,True,False,0.0
373,66741,197,2.0,2.0,0.24917499999999992,True,False,0.0
374,66910,169,1.0,1.0,0.24727374999999996,True,False,0.0
375,67062,152,1.0,1.0,0.24556374999999997,True,False,0.0
376,67259,197,2.0,2.0,0.24334750000000005,True,False,0.0
377,67587,328,8.0,5.0,0.23965749999999997,True,False,0.0
378,67709,122,0.0,0.0,0.23828499999999997,True,False,0.0
379,67999,290,5.0,5.0,0.2350224999999999,True,False,0.0
380,68196,197,2.0,2.0,0.23280625,True,False,0.0
381,68317,121,0.0,0.0,0.231445,True,False,0.0
382,68514,197,2.0,2.0,0.22922874999999998,True,False,0.0
383,68803,289,5.0,5.0,0.22597749999999994,True,False,0.0
384,68974,171,1.0,1.0,0.22405374999999994,True,False,0.0
385,69098,124,0.0,0.0,0.22265875000000002,True,False,0.0
386,69314,216,2.0,2.0,0.22022874999999997,True,False,0.0
387,69493,179,2.0,2.0,0.21821499999999994,True,False,0.0
388,69642,149,1.0,1.0,0.21653875,True,False,0.0
389,69794,152,1.0,1.0,0.2148287499999999,True,False,0.0
390,69990,196,2.0,2.0,0.21262375,True,False,0.0
391,70159,169,1.0,1.0,0.21072250000000003,True,False,0.0
392,70310,151,1.0,1.0,0.20902374999999995,True,False,0.0
393,70479,169,1.0,1.0,0.2071225,True,False,0.0
394,70648,169,1.0,1.0,0.2052212499999999,True,False,0.0
395,70772,124,0.0,0.0,0.20382625,True,False,0.0
396,71066,294,4.0,4.0,0.20051875000000008,True,False,0.0
397,71281,215,2.0,2.0,0.19809999999999994,True,False,0.0
398,71404,123,0.0,0.0,0.19671625000000004,True,False,0.0
399,71601,197,2.0,2.0,0.1945,True,False,0.0
400,71725,124,0.0,0.0,0.19310499999999997,True,False,0.0
401,71904,179,2.0,2.0,0.19109125000000005,True,False,0.0
402,72027,123,0.0,0.0,0.18970749999999992,True,False,0.0
403,72323,296,4.0,4.0,0.18637749999999997,True,False,0.0
404,72446,123,0.0,0.0,0.18499374999999996,True,False,0.0
405,72570,124,0.0,0.0,0.18359875000000003,True,False,0.0
406,72787,217,2.0,2.0,0.18115749999999997,True,False,0.0
407,72910,123,0.0,0.0,0.17977375000000007,True,False,0.0
408,73033,123,0.0,0.0,0.17838999999999994,True,False,0.0
409,73184,151,1.0,1.0,0.17669124999999997,True,False,0.0
410,73384,200,2.0,2.0,0.17444125,True,False,0.0
411,73730,346,5.0,5.0,0.17054875000000003,True,False,0.0
412,73881,151,1.0,1.0,0.16884999999999994,True,False,0.0
413,74125,244,7.0,4.0,0.16610499999999995,True,False,0.0
414,74294,169,1.0,1.0,0.16420374999999998,True,False,0.0
415,74590,296,4.0,4.0,0.16087375000000004,True,False,0.0
416,74791,201,2.0,2.0,0.15861249999999993,True,False,0.0
417,75086,295,4.0,4.0,0.15529375,True,False,0.0
418,75210,124,0.0,0.0,0.15389874999999997,True,False,0.0
419,75406,196,2.0,2.0,0.15169374999999996,True,False,0.0
420,75605,199,2.0,2.0,0.149455,True,False,0.0
421,75729,124,0.0,0.0,0.14805999999999997,True,False,0.0
422,75881,152,1.0,1.0,0.14634999999999998,True,False,0.0
423,76003,122,0.0,0.0,0.14497749999999998,True,False,0.0
424,76173,170,1.0,1.0,0.1430649999999999,True,False,0.0
425,76420,247,3.0,3.0,0.14028625000000006,True,False,0.0
426,76605,185,2.0,2.0,0.13820500000000002,True,False,0.0
427,76776,171,1.0,1.0,0.1362812499999999,True,False,0.0
428,76928,152,1.0,1.0,0.13457124999999992,True,False,0.0
429,77130,202,2.0,2.0,0.1322987499999999,True,False,0.0
430,77253,123,0.0,0.0,0.130915,True,False,0.0
431,77376,123,0.0,0.0,0.12953125,True,False,0.0
432,77527,151,1.0,1.0,0.12783250000000002,True,False,0.0
433,77651,124,0.0,0.0,0.12643749999999998,True,False,0.0
434,77774,123,0.0,0.0,0.12505374999999996,True,False,0.0
435,77944,170,1.0,1.0,0.12314124999999998,True,False,0.0
436,78067,123,0.0,0.0,0.12175749999999996,True,False,0.0
437,78236,169,1.0,1.0,0.11985625,True,False,0.0
438,78360,124,0.0,0.0,0.11846125000000007,True,False,0.0
439,78512,152,1.0,1.0,0.11675124999999997,True,False,0.0
440,78859,347,5.0,5.0,0.11284749999999999,True,False,0.0
441,79203,344,5.0,5.0,0.10897749999999995,True,False,0.0
442,79421,218,2.0,2.0,0.10652499999999998,True,False,0.0
443,79544,123,0.0,0.0,0.10514124999999996,True,False,0.0
444,79696,152,1.0,1.0,0.10343124999999997,True,False,0.0
445,79818,122,0.0,0.0,0.10205874999999998,True,False,0.0
446,79990,172,1.0,1.0,0.10012374999999996,True,False,0.0
447,80112,122,0.0,0.0,0.09999999999999998,True,False,0.0
448,80279,167,1.0,1.0,0.09999999999999998,True,False,0.0
449,80401,122,0.0,0.0,0.09999999999999998,True,False,0.0
450,80552,151,1.0,1.0,0.09999999999999998,True,False,0.0
451,80749,197,2.0,2.0,0.09999999999999998,True,False,0.0
452,80960,211,3.0,3.0,0.09999999999999998,True,False,0.0
453,81177,217,2.0,2.0,0.09999999999999998,True,False,0.0
454,81373,196,2.0,2.0,0.09999999999999998,True,False,0.0
455,81494,121,0.0,0.0,0.09999999999999998,True,False,0.0
456,81692,198,2.0,2.0,0.09999999999999998,True,False,0.0
457,81871,179,2.0,2.0,0.09999999999999998,True,False,0.0
458,82021,150,1.0,1.0,0.09999999999999998,True,False,0.0
459,82171,150,1.0,1.0,0.09999999999999998,True,False,0.0
460,82381,210,3.0,3.0,0.09999999999999998,True,False,0.0
461,82534,153,1.0,1.0,0.09999999999999998,True,False,0.0
462,82656,122,0.0,0.0,0.09999999999999998,True,False,0.0
463,82868,212,3.0,3.0,0.09999999999999998,True,False,0.0
464,83066,198,2.0,2.0,0.09999999999999998,True,False,0.0
465,83189,123,0.0,0.0,0.09999999999999998,True,False,0.0
466,83408,219,2.0,2.0,0.09999999999999998,True,False,0.0
467,83559,151,1.0,1.0,0.09999999999999998,True,False,0.0
468,83682,123,0.0,0.0,0.09999999999999998,True,False,0.0
469,83831,149,1.0,1.0,0.09999999999999998,True,False,0.0
470,83955,124,0.0,0.0,0.09999999999999998,True,False,0.0
471,84124,169,1.0,1.0,0.09999999999999998,True,False,0.0
472,84247,123,0.0,0.0,0.09999999999999998,True,False,0.0
473,84513,266,3.0,3.0,0.09999999999999998,True,False,0.0
474,84637,124,0.0,0.0,0.09999999999999998,True,False,0.0
475,84788,151,1.0,1.0,0.09999999999999998,True,False,0.0
476,84956,168,1.0,1.0,0.09999999999999998,True,False,0.0
477,85201,245,3.0,3.0,0.09999999999999998,True,False,0.0
478,85352,151,1.0,1.0,0.09999999999999998,True,False,0.0
479,85697,345,5.0,5.0,0.09999999999999998,True,False,0.0
480,85821,124,0.0,0.0,0.09999999999999998,True,False,0.0
481,86097,276,4.0,4.0,0.09999999999999998,True,False,0.0
482,86221,124,0.0,0.0,0.09999999999999998,True,False,0.0
483,86345,124,0.0,0.0,0.09999999999999998,True,False,0.0
484,86564,219,2.0,2.0,0.09999999999999998,True,False,0.0
485,86781,217,2.0,2.0,0.09999999999999998,True,False,0.0
486,86903,122,0.0,0.0,0.09999999999999998,True,False,0.0
487,87085,182,2.0,2.0,0.09999999999999998,True,False,0.0
488,87284,199,2.0,2.0,0.09999999999999998,True,False,0.0
489,87482,198,2.0,2.0,0.09999999999999998,True,False,0.0
490,87634,152,1.0,1.0,0.09999999999999998,True,False,0.0
491,87758,124,0.0,0.0,0.09999999999999998,True,False,0.0
492,87879,121,0.0,0.0,0.09999999999999998,True,False,0.0
493,88000,121,0.0,0.0,0.09999999999999998,True,False,0.0
494,88124,124,0.0,0.0,0.09999999999999998,True,False,0.0
495,88321,197,2.0,2.0,0.09999999999999998,True,False,0.0
496,88490,169,1.0,1.0,0.09999999999999998,True,False,0.0
497,88611,121,0.0,0.0,0.09999999999999998,True,False,0.0
498,88734,123,0.0,0.0,0.09999999999999998,True,False,0.0
499,88999,265,4.0,4.0,0.09999999999999998,True,False,0.0
500,89168,169,1.0,1.0,0.09999999999999998,True,False,0.0
501,89289,121,0.0,0.0,0.09999999999999998,True,False,0.0
502,89412,123,0.0,0.0,0.09999999999999998,True,False,0.0
503,89536,124,0.0,0.0,0.09999999999999998,True,False,0.0
504,89706,170,1.0,1.0,0.09999999999999998,True,False,0.0
505,89903,197,2.0,2.0,0.09999999999999998,True,False,0.0
506,90084,181,2.0,2.0,0.09999999999999998,True,False,0.0
507,90257,173,1.0,1.0,0.09999999999999998,True,False,0.0
508,90381,124,0.0,0.0,0.09999999999999998,True,False,0.0
509,90626,245,7.0,4.0,0.09999999999999998,True,False,0.0
510,90808,182,2.0,2.0,0.09999999999999998,True,False,0.0
511,90977,169,1.0,1.0,0.09999999999999998,True,False,0.0
512,91101,124,0.0,0.0,0.09999999999999998,True,False,0.0
513,91224,123,0.0,0.0,0.09999999999999998,True,False,0.0
514,91470,246,3.0,3.0,0.09999999999999998,True,False,0.0
515,91593,123,0.0,0.0,0.09999999999999998,True,False,0.0
516,91717,124,0.0,0.0,0.09999999999999998,True,False,0.0
517,91841,124,0.0,0.0,0.09999999999999998,True,False,0.0
518,92014,173,1.0,1.0,0.09999999999999998,True,False,0.0
519,92138,124,0.0,0.0,0.09999999999999998,True,False,0.0
520,92308,170,1.0,1.0,0.09999999999999998,True,False,0.0
521,92459,151,1.0,1.0,0.09999999999999998,True,False,0.0
522,92687,228,3.0,3.0,0.09999999999999998,True,False,0.0
523,92809,122,0.0,0.0,0.09999999999999998,True,False,0.0
524,93076,267,4.0,4.0,0.09999999999999998,True,False,0.0
525,93274,198,2.0,2.0,0.09999999999999998,True,False,0.0
526,93397,123,0.0,0.0,0.09999999999999998,True,False,0.0
527,93521,124,0.0,0.0,0.09999999999999998,True,False,0.0
528,93645,124,0.0,0.0,0.09999999999999998,True,False,0.0
529,93769,124,0.0,0.0,0.09999999999999998,True,False,0.0
530,93892,123,0.0,0.0,0.09999999999999998,True,False,0.0
531,94137,245,7.0,4.0,0.09999999999999998,True,False,0.0
532,94289,152,1.0,1.0,0.09999999999999998,True,False,0.0
533,94534,245,7.0,4.0,0.09999999999999998,True,False,0.0
534,94780,246,3.0,3.0,0.09999999999999998,True,False,0.0
535,94958,178,2.0,2.0,0.09999999999999998,True,False,0.0
536,95255,297,4.0,4.0,0.09999999999999998,True,False,0.0
537,95379,124,0.0,0.0,0.09999999999999998,True,False,0.0
538,95531,152,1.0,1.0,0.09999999999999998,True,False,0.0
539,95682,151,1.0,1.0,0.09999999999999998,True,False,0.0
540,95805,123,0.0,0.0,0.09999999999999998,True,False,0.0
541,95929,124,0.0,0.0,0.09999999999999998,True,False,0.0
542,96099,170,1.0,1.0,0.09999999999999998,True,False,0.0
543,96223,124,0.0,0.0,0.09999999999999998,True,False,0.0
544,96373,150,1.0,1.0,0.09999999999999998,True,False,0.0
545,96495,122,0.0,0.0,0.09999999999999998,True,False,0.0
546,96720,225,3.0,3.0,0.09999999999999998,True,False,0.0
547,96843,123,0.0,0.0,0.09999999999999998,True,False,0.0
548,96966,123,0.0,0.0,0.09999999999999998,True,False,0.0
549,97164,198,2.0,2.0,0.09999999999999998,True,False,0.0
550,97334,170,1.0,1.0,0.09999999999999998,True,False,0.0
551,97503,169,1.0,1.0,0.09999999999999998,True,False,0.0
552,97703,200,2.0,2.0,0.09999999999999998,True,False,0.0
553,97999,296,5.0,5.0,0.09999999999999998,True,False,0.0
554,98245,246,3.0,3.0,0.09999999999999998,True,False,0.0
555,98368,123,0.0,0.0,0.09999999999999998,True,False,0.0
556,98519,151,1.0,1.0,0.09999999999999998,True,False,0.0
557,98643,124,0.0,0.0,0.09999999999999998,True,False,0.0
558,98898,255,4.0,4.0,0.09999999999999998,True,False,0.0
559,99302,404,7.0,7.0,0.09999999999999998,True,False,0.0
560,99425,123,0.0,0.0,0.09999999999999998,True,False,0.0
561,99548,123,0.0,0.0,0.09999999999999998,True,False,0.0
562,99718,170,1.0,1.0,0.09999999999999998,True,False,0.0
563,99991,273,4.0,4.0,0.09999999999999998,True,False,0.0
